question,answer,source_page,source_title
How many planets are in our solar system?,"Our solar system has eight planets. In addition to these planets, there are also five officially named dwarf planets. The solar system is a complex and diverse place, with many different types of worlds and objects to explore and learn about.",https://science.nasa.gov/solar-system/,Solar System Exploration
What is the location of our solar system within the Milky Way galaxy?,"Our solar system is located in the Milky Way, a barred spiral galaxy with two major arms and two minor arms. Specifically, our Sun is in a small, partial arm of the Milky Way called the Orion Arm, or Orion Spur, between the Sagittarius and Perseus arms. This location helps us understand the context and position of our solar system within the larger galaxy.",https://science.nasa.gov/solar-system/,Solar System Exploration
How long does it take for our solar system to complete one orbit around the galactic center?,"It takes about 230 million years for our solar system to complete one orbit around the galactic center. During this time, our solar system orbits the center of the galaxy at a speed of about 515,000 mph, or 828,000 kph. This slow and steady movement helps shape the structure and evolution of our galaxy over time.",https://science.nasa.gov/solar-system/,Solar System Exploration
What types of objects have rings in our solar system?,"The four giant planets in our solar system have rings, and at least one asteroid also has rings. These rings are made up of small, icy particles that orbit around the planet or asteroid, and they can be quite beautiful and complex. The study of rings can provide insights into the formation and evolution of our solar system.",https://science.nasa.gov/solar-system/,Solar System Exploration
How many robotic spacecraft have left Earth's orbit?,"More than 300 robotic spacecraft have left Earth's orbit, exploring our solar system and beyond. This includes spacecraft that have traveled to the Moon, as well as those that have visited other planets, asteroids, and comets. These robotic missions have greatly expanded our knowledge and understanding of the solar system and its many wonders.",https://science.nasa.gov/solar-system/,Solar System Exploration
What is the current status of the Psyche spacecraft?,"The Psyche spacecraft has successfully maneuvered around Mars and is now en route to the asteroid belt, where it will study the metal-rich asteroid Psyche in 2029. The spacecraft used the gravity assist from Mars to speed up and steer itself toward its destination, and it is currently traveling through space with its large solar arrays fully deployed.",https://science.nasa.gov/solar-system/,Solar System Exploration
What is unique about the moon Hyperion?,"Hyperion is the largest of Saturn's irregularly shaped moons. This unique shape makes Hyperion a fascinating object of study, and it can provide insights into the formation and evolution of the Saturnian system. The study of moons like Hyperion can help us better understand the diversity and complexity of our solar system.",https://science.nasa.gov/solar-system/,Solar System Exploration
Where is the only place we've found life in our solar system?,"So far, Earth is the only place we've found life in our solar system. Despite the many advances in space exploration and the search for life beyond our planet, Earth remains the only known haven for life. This highlights the importance of continuing to explore and study our solar system, as well as the need to protect and preserve life on our own planet.",https://science.nasa.gov/solar-system/,Solar System Exploration
What is the origin of the word 'planet'?,"The word 'planet' traces back to the ancient Greek word planēt, which means 'wanderer'. This definition has been used to describe the large bodies that revolve around the Sun in our solar system. Over time, the definition of a planet has evolved, with the Merriam-Webster dictionary defining it as 'any of the large bodies that revolve around the Sun in the solar system'. The International Astronomical Union (IAU) has also provided its own definition of a planet, which was agreed upon in 2006.",https://science.nasa.gov/solar-system/planets/,About the Planets
What are the names of the first four planets from the Sun?,"The first four planets from the Sun are Mercury, Venus, Earth, and Mars. These planets are also known as terrestrial planets because they have solid surfaces. They are located in the inner solar system and are distinct from the gas giants and ice giants found in the outer solar system.",https://science.nasa.gov/solar-system/planets/,About the Planets
What is the difference between gas giants and ice giants?,"The giant planets in the outer solar system can be classified into two categories: gas giants and ice giants. Gas giants, such as Jupiter and Saturn, have swirling gases above a core. In contrast, ice giants, such as Uranus and Neptune, also have a core but are composed of different materials. Both types of planets do not have hard surfaces like the terrestrial planets.",https://science.nasa.gov/solar-system/planets/,About the Planets
Which planet is the largest in our solar system?,"Jupiter is the largest planet in our solar system. It is the fifth planet from the Sun and has a massive size compared to the other planets. Jupiter is a gas giant, with swirling gases above a core, and is significantly larger than the other planets, including the second-largest planet, Saturn.",https://science.nasa.gov/solar-system/planets/,About the Planets
What are dwarf planets and how are they different from regular planets?,"Dwarf planets are a class of objects that are large enough to have a rounded shape due to their own gravity but have not cleared their orbits of other objects. They are distinct from regular planets, which are larger and have cleared their orbits. Dwarf planets include Pluto, Ceres, Haumea, Makemake, and Eris, and are found in various locations throughout the solar system, including the asteroid belt and the Kuiper Belt.",https://science.nasa.gov/solar-system/planets/,About the Planets
What is unique about the dwarf planet Ceres?,"Ceres is the only dwarf planet located in the inner solar system. It is found in the main asteroid belt between Mars and Jupiter and is the largest object in this region. Ceres is distinct from the other dwarf planets, which are found in the outer solar system, and is the only dwarf planet that is not part of the Kuiper Belt.",https://science.nasa.gov/solar-system/planets/,About the Planets
Why was Pluto reclassified as a dwarf planet?,"Pluto was reclassified as a dwarf planet in 2006 by the International Astronomical Union (IAU). This decision was made after the discovery of other objects in the Kuiper Belt that were similar in size and composition to Pluto. The IAU defined a planet as an object that has cleared its orbit of other objects, and since Pluto's orbit overlaps with other objects in the Kuiper Belt, it did not meet this criteria and was reclassified as a dwarf planet.",https://science.nasa.gov/solar-system/planets/,About the Planets
What are the characteristics of the dwarf planet Haumea?,"Haumea is a dwarf planet located in the Kuiper Belt, a region of icy bodies beyond Neptune. It is oval-shaped and is one of the fastest rotating large objects in our solar system. Haumea was nicknamed 'Santa' by one discovery team and is distinct from the other dwarf planets due to its unique shape and rotation period.",https://science.nasa.gov/solar-system/planets/,About the Planets
What is the name of the satellite that captured the detailed images of the Earth?,"The satellite that captured the detailed images of the Earth is called Suomi NPP, which stands for Suomi National Polar-orbiting Partnership. It was launched last October and renamed after Verner Suomi, who is commonly deemed the father of satellite meteorology. The Suomi NPP satellite is a significant tool for capturing high-quality images of our home planet. The images it captures are used to create detailed montages of the Earth, such as the Blue Marble Earth image.",https://science.nasa.gov/solar-system/planets/earth/,Earth - NASA Science
What instrument on board the Suomi NPP satellite is responsible for capturing the images of the Earth?,"The instrument on board the Suomi NPP satellite that is responsible for capturing the images of the Earth is called the Visible/Infrared Imager Radiometer Suite, or VIIRS. This instrument is capable of capturing high-resolution images of the Earth, which are then used to create detailed montages such as the Blue Marble Earth image. The VIIRS instrument plays a crucial role in capturing the stunning details of our home planet.",https://science.nasa.gov/solar-system/planets/earth/,Earth - NASA Science
How was the Blue Marble Earth montage created?,"The Blue Marble Earth montage was created from photographs taken by the VIIRS instrument on board the Suomi NPP satellite. The composite was created from the data collected during four orbits of the robotic satellite taken earlier this month and digitally projected onto the globe. This process allows for the creation of a highly detailed and accurate image of the Earth. The resulting image shows many stunning details of our home planet, particularly in North America and the Western Hemisphere.",https://science.nasa.gov/solar-system/planets/earth/,Earth - NASA Science
Who is Verner Suomi and why was the satellite named after him?,"Verner Suomi is commonly deemed the father of satellite meteorology. The Suomi NPP satellite was renamed after him last week, in recognition of his significant contributions to the field of satellite meteorology. This renaming is a testament to Suomi's importance in the development of satellite-based weather forecasting and Earth observation. By naming the satellite after him, his legacy is honored and his contributions to the field are acknowledged.",https://science.nasa.gov/solar-system/planets/earth/,Earth - NASA Science
What features of the Earth are particularly visible in the high-resolution version of the Blue Marble Earth image?,"Many features of North America and the Western Hemisphere are particularly visible in the high-resolution version of the Blue Marble Earth image. The image captures stunning details of our home planet, including the intricate patterns of the Earth's surface. The high-resolution version of the image provides a detailed view of the Earth's geography, allowing for a deeper understanding of our planet's features and patterns.",https://science.nasa.gov/solar-system/planets/earth/,Earth - NASA Science
How can the full resolution TIFF and JPEG images be viewed?,"The full resolution TIFF and JPEG images may be too large to view from a browser, but they can be downloaded onto your desktop by right-clicking on the links above and viewed with image viewing software. This allows users to access the high-resolution images and view them in detail, using software that is capable of handling large image files. By downloading the images, users can explore the stunning details of the Earth's surface in high resolution.",https://science.nasa.gov/solar-system/planets/earth/,Earth - NASA Science
What is the significance of the Blue Marble Earth image?,"The Blue Marble Earth image is a highly detailed and accurate representation of our home planet. It is one of the more detailed images of the Earth yet created, capturing stunning details of the Earth's surface. The image is significant because it provides a unique perspective on our planet, allowing us to see the Earth in a new and detailed way. The image is also a testament to the capabilities of the Suomi NPP satellite and the VIIRS instrument.",https://science.nasa.gov/solar-system/planets/earth/,Earth - NASA Science
Have other Blue Marble Earth images been created before?,"Yes, several other Blue Marble Earth images have been created before. However, the image captured by the Suomi NPP satellite is one of the more detailed images of the Earth yet created. The previous images have provided valuable insights into the Earth's surface and atmosphere, and the new image builds upon this legacy. The creation of multiple Blue Marble Earth images demonstrates the ongoing effort to capture and understand our home planet in detail.",https://science.nasa.gov/solar-system/planets/earth/,Earth - NASA Science
When was the Voyager image of Jupiter captured?,The Voyager image of Jupiter was captured in 1979. This image was later processed in 1990 by the U.S. Geological Survey to produce a color image. The processing of the image helped to bring out more detail in the features of Jupiter. The final processed image provides a clearer view of the planet's atmosphere and its various cloud formations.,https://science.nasa.gov/solar-system/planets/jupiter/,Jupiter - NASA Science
What is the speed at which the clouds travel around Jupiter?,"The clouds around Jupiter travel at speeds of up to 540 kilometers per hour. This speed is a result of the alternating eastward and westward belts that the clouds form. The fast movement of the clouds contributes to the dynamic and constantly changing atmosphere of Jupiter. This speed is quite remarkable, especially when compared to the speed of clouds on other planets.",https://science.nasa.gov/solar-system/planets/jupiter/,Jupiter - NASA Science
What is the Great Red Spot on Jupiter?,The Great Red Spot is an enormous anticyclonic storm on Jupiter. It appears as an oval shape and is located toward the lower-left in the processed color image. This massive storm drifts along its belt and eventually circles the entire planet. The Great Red Spot is a notable feature of Jupiter's atmosphere and has been studied extensively by astronomers and planetary scientists.,https://science.nasa.gov/solar-system/planets/jupiter/,Jupiter - NASA Science
How do the zones of clouds on Jupiter alternate?,"On Jupiter, zones of light-colored, ascending clouds alternate with bands of dark, descending clouds. This alternating pattern is a result of the planet's unique atmospheric circulation. The light-colored clouds are ascending, while the dark clouds are descending, creating a distinctive banded pattern on the planet. This pattern is a key feature of Jupiter's atmosphere and helps to drive the planet's weather and climate.",https://science.nasa.gov/solar-system/planets/jupiter/,Jupiter - NASA Science
Who produced the processed color image of Jupiter?,The processed color image of Jupiter was produced by the U.S. Geological Survey. The image was created in 1990 from a Voyager image that was captured in 1979. The U.S. Geological Survey enhanced the colors in the image to bring out more detail and provide a clearer view of Jupiter's atmosphere. The resulting image is a valuable resource for scientists and astronomers studying the planet.,https://science.nasa.gov/solar-system/planets/jupiter/,Jupiter - NASA Science
What is the size of the storms on Jupiter?,"The storms on Jupiter are tremendous and can be as big as Earthly continents. These massive storms surge around the planet, driven by the strong winds and atmospheric circulation. The size of the storms is a testament to the incredible scale and energy of Jupiter's atmosphere. The storms play a key role in shaping the planet's weather and climate, and are an important area of study for scientists.",https://science.nasa.gov/solar-system/planets/jupiter/,Jupiter - NASA Science
In which year was the processed color image of Jupiter created?,"The processed color image of Jupiter was created in 1990. This was done by the U.S. Geological Survey, which took a Voyager image captured in 1979 and enhanced the colors to bring out more detail. The resulting image provides a detailed and informative view of Jupiter's atmosphere and its various features. The image has been used by scientists and astronomers to study the planet and its many fascinating phenomena.",https://science.nasa.gov/solar-system/planets/jupiter/,Jupiter - NASA Science
What type of storm is the Great Red Spot on Jupiter?,"The Great Red Spot on Jupiter is an enormous anticyclonic storm. This means that it is a high-pressure storm that rotates in a clockwise direction. The Great Red Spot is a long-lived storm that has been present on Jupiter for centuries, and it continues to be an important area of study for scientists and astronomers. The storm's anticyclonic nature helps to drive its rotation and movement around the planet.",https://science.nasa.gov/solar-system/planets/jupiter/,Jupiter - NASA Science
When was the color image of Saturn taken with the HST's Wide Field and Planetary Camera?,"The color image of Saturn was taken with the HST's Wide Field and Planetary Camera on August 26, 1990, at 8:25 A.M. EDT. This specific time and date are significant as they provide context for the image capture. The image was taken during a specific moment in the planet's observation. The Hubble Space Telescope was able to capture this image due to its advanced camera capabilities.",https://science.nasa.gov/solar-system/planets/saturn/,Saturn - NASA Science
What was the distance between Earth and Saturn when the image was taken?,The distance between Earth and Saturn when the image was taken was approximately 1.39 billion kilometers or 860 million miles. This distance is significant as it provides context for the scale of the image and the capabilities of the Hubble Space Telescope. The telescope was able to capture a high-quality image of Saturn despite the vast distance between the two celestial bodies.,https://science.nasa.gov/solar-system/planets/saturn/,Saturn - NASA Science
What camera mode was used to take the image of Saturn?,"The image of Saturn was taken with the HST's Wide Field and Planetary Camera in the wide field mode. This camera mode allows for a broader field of view, enabling the capture of larger celestial objects such as planets. The wide field mode is particularly useful for observing and studying the details of planets like Saturn.",https://science.nasa.gov/solar-system/planets/saturn/,Saturn - NASA Science
What has the Hubble Space Telescope done for our understanding of the universe since its launch?,"Since its 1990 launch, the Hubble Space Telescope has changed our fundamental understanding of the universe. The telescope has provided a wealth of new information and insights, greatly expanding our knowledge of the cosmos. The Hubble Space Telescope has made numerous groundbreaking discoveries, revolutionizing the field of astronomy and our understanding of the universe.",https://science.nasa.gov/solar-system/planets/saturn/,Saturn - NASA Science
In what year was the Hubble Space Telescope launched?,"The Hubble Space Telescope was launched in 1990. This was a significant year for space exploration and astronomy, as the telescope has gone on to make numerous important discoveries and contributions to our understanding of the universe. The launch of the Hubble Space Telescope marked the beginning of a new era in space-based astronomy.",https://science.nasa.gov/solar-system/planets/saturn/,Saturn - NASA Science
What type of camera was used to take the image of Saturn?,"The image of Saturn was taken with the HST's Wide Field and Planetary Camera, specifically the WF/PC. This camera is designed to capture high-quality images of celestial objects, including planets like Saturn. The WF/PC camera is a key instrument on the Hubble Space Telescope, enabling scientists to study the universe in greater detail.",https://science.nasa.gov/solar-system/planets/saturn/,Saturn - NASA Science
At what time was the image of Saturn taken in EDT?,The image of Saturn was taken at 8:25 A.M. EDT. This specific time is significant as it provides context for the image capture and the observation of the planet. The time of day and the time zone are important details that help scientists understand the conditions under which the image was taken.,https://science.nasa.gov/solar-system/planets/saturn/,Saturn - NASA Science
How has the Hubble Space Telescope impacted the field of astronomy?,"The Hubble Space Telescope has greatly impacted the field of astronomy by providing a wealth of new information and insights, greatly expanding our knowledge of the cosmos. The telescope has made numerous groundbreaking discoveries, revolutionizing the field of astronomy and our understanding of the universe. The Hubble Space Telescope has enabled scientists to study the universe in greater detail, leading to a deeper understanding of the cosmos and its many mysteries.",https://science.nasa.gov/solar-system/planets/saturn/,Saturn - NASA Science
What spacecraft took the image of Uranus?,"The image of Uranus was taken by the Voyager 2 spacecraft. Voyager 2 is a part of the Voyager program, which is managed by JPL for NASA. This spacecraft has been instrumental in providing valuable information about the outer planets in our solar system. The image taken by Voyager 2 is a significant contribution to our understanding of Uranus.",https://science.nasa.gov/solar-system/planets/uranus/,Uranus - NASA Science
How was the color image of Uranus produced?,"The color image of Uranus was produced by taking the image through three color filters and then recombining them. This process allows for the creation of a color image that is representative of the actual colors of the planet. By using multiple filters, the image can capture a wider range of colors and provide a more accurate representation of Uranus. The resulting image provides a detailed and colorful view of the planet.",https://science.nasa.gov/solar-system/planets/uranus/,Uranus - NASA Science
Which organization manages the Voyager project?,"The Voyager project is managed by JPL, which stands for Jet Propulsion Laboratory. JPL is responsible for controlling the Voyager project on behalf of NASA's Office of Space Science. As the managing organization, JPL plays a crucial role in the success of the Voyager mission. JPL's management of the project ensures that the mission objectives are met and that the data collected is of high quality.",https://science.nasa.gov/solar-system/planets/uranus/,Uranus - NASA Science
Which NASA office is associated with the Voyager project?,"The Voyager project is associated with NASA's Office of Space Science. This office is responsible for overseeing the scientific aspects of the Voyager mission, including the collection and analysis of data. The Office of Space Science works closely with JPL to ensure that the mission objectives are met and that the data collected is used to advance our understanding of the universe. The office plays a critical role in the success of the Voyager project.",https://science.nasa.gov/solar-system/planets/uranus/,Uranus - NASA Science
What is the role of JPL in the Voyager project?,"JPL plays a crucial role in the Voyager project as it manages and controls the mission for NASA's Office of Space Science. JPL is responsible for overseeing the day-to-day operations of the Voyager spacecraft, including the collection and transmission of data. JPL's expertise and resources are essential to the success of the Voyager mission, and the organization has been instrumental in ensuring that the mission objectives are met. JPL's management of the project has enabled the Voyager spacecraft to provide a wealth of information about the outer planets.",https://science.nasa.gov/solar-system/planets/uranus/,Uranus - NASA Science
What type of image was taken of Uranus by Voyager 2?,"The image taken of Uranus by Voyager 2 is a color image. This image was created by combining multiple images taken through different color filters, which allows for a detailed and colorful representation of the planet. The color image provides a unique perspective on Uranus, showcasing its distinctive features and characteristics. The image is a valuable tool for scientists studying the planet and its atmosphere.",https://science.nasa.gov/solar-system/planets/uranus/,Uranus - NASA Science
Why is the image of Uranus important?,"The image of Uranus taken by Voyager 2 is important because it provides a detailed and colorful representation of the planet. This image has contributed significantly to our understanding of Uranus, its atmosphere, and its place in the solar system. The image has also helped scientists to better understand the planet's composition, temperature, and other characteristics. The information gathered from the image has been invaluable in advancing our knowledge of the outer planets and the universe as a whole.",https://science.nasa.gov/solar-system/planets/uranus/,Uranus - NASA Science
What does JPL stand for?,"JPL stands for Jet Propulsion Laboratory. JPL is a leading research and development center that is responsible for managing and controlling the Voyager project for NASA's Office of Space Science. As a renowned organization, JPL has been at the forefront of space exploration and has played a critical role in many NASA missions, including the Voyager project. JPL's expertise and resources have been essential to the success of these missions and have helped to advance our understanding of the universe.",https://science.nasa.gov/solar-system/planets/uranus/,Uranus - NASA Science
When was the image of Neptune taken by the Voyager 2 spacecraft?,"The image of Neptune was taken by the Voyager 2 spacecraft on January 23, 1989. This was about seven months before its scheduled encounter with the planet on August 25. The spacecraft was able to capture a unique view of Neptune from a distance of 310 million kilometers. This image provided valuable information about the planet's atmosphere and cloud structure.",https://science.nasa.gov/solar-system/planets/neptune/,Neptune - NASA Science
How far was the Voyager 2 spacecraft from Neptune when it took the image?,"The Voyager 2 spacecraft was 310 million kilometers (192 million miles) from Neptune when it took the image. This distance allowed the spacecraft to capture a detailed view of the planet's atmosphere and cloud structure. The image was taken from a unique angle, 34 degrees south of Neptune's equator, which provided a distinct perspective on the planet's features.",https://science.nasa.gov/solar-system/planets/neptune/,Neptune - NASA Science
What did Earth-based telescopes show when viewing Neptune through red filters?,"Earth-based telescopes showed a featureless disk when viewing Neptune through red filters. However, when viewed through red filters chosen to mark methane gas, irregular-shaped features associated with high-altitude hazes were revealed. This suggests that Neptune's atmosphere has complex and varied features that can be detected using different wavelengths of light.",https://science.nasa.gov/solar-system/planets/neptune/,Neptune - NASA Science
What does the Voyager data reveal about Neptune's cloud structure?,"The Voyager data reveals cloud structure at lower altitudes on Neptune, where the circulation is apparently arranged in parallel east-west bands. This is similar to the cloud structures found on Jupiter, Saturn, and Uranus. The data provides valuable insights into the atmospheric circulation patterns on Neptune and how they compare to other planets in our solar system.",https://science.nasa.gov/solar-system/planets/neptune/,Neptune - NASA Science
What is the contrast between the bright and dark bands in the image of Neptune?,"The bright bands in the image of Neptune are about 10 percent brighter than the dark band circling the South pole. This contrast is similar to that found on Saturn, but ten times more than on Uranus. The contrast between the bright and dark bands provides information about the composition and structure of Neptune's atmosphere.",https://science.nasa.gov/solar-system/planets/neptune/,Neptune - NASA Science
What are the brightening and sawtooth edge around the right side of the image?,"The brightening and sawtooth edge around the right side of the image are artifacts of the data processing. This means that they are not actual features of Neptune's atmosphere, but rather a result of the processing techniques used to enhance and analyze the image data. These artifacts do not affect the overall interpretation of the image, but rather are a result of the technical process of creating the image.",https://science.nasa.gov/solar-system/planets/neptune/,Neptune - NASA Science
Which organization manages the Voyager project?,The Voyager project is managed by the Jet Propulsion Laboratory for the NASA Office of Space Science and Applications. The Jet Propulsion Laboratory is responsible for overseeing the mission and ensuring that the spacecraft is operating correctly. The NASA Office of Space Science and Applications provides overall direction and funding for the project.,https://science.nasa.gov/solar-system/planets/neptune/,Neptune - NASA Science
From what angle was the image of Neptune taken by the Voyager 2 spacecraft?,"The image of Neptune was taken by the Voyager 2 spacecraft from an angle of 34 degrees south of Neptune's equator. This unique perspective allowed the spacecraft to capture a detailed view of the planet's atmosphere and cloud structure. The image was taken through the 'clear' filter, which provided a broad view of the planet's features without the need for specialized filters.",https://science.nasa.gov/solar-system/planets/neptune/,Neptune - NASA Science
What is the term used to describe naturally-formed bodies that orbit planets?,"Naturally-formed bodies that orbit planets are called moons, or planetary satellites. Moons come in many shapes, sizes, and types, and they can be found orbiting planets, dwarf planets, and even asteroids. They are generally solid bodies, and a few have atmospheres. This diversity of moons makes them fascinating objects of study in our solar system.",https://science.nasa.gov/solar-system/moons/,Moons
How does the Moon contribute to making Earth more livable?,"The Moon makes Earth more livable by moderating its wobble. This suggests that the Moon has a stabilizing effect on Earth's axis, which can help to maintain a relatively constant climate. The Moon's gravitational influence helps to regulate Earth's rotation and prevent extreme variations in climate, making our planet more hospitable to life.",https://science.nasa.gov/solar-system/moons/,Moons
Which planet has the most moons in our solar system?,"Saturn has more moons than any other planet. This is evident from the fact that dozens of moons swarm around this giant world, and NASA's Cassini spacecraft has captured images of many of these moons. The large number of moons orbiting Saturn makes it a fascinating subject for study and exploration.",https://science.nasa.gov/solar-system/moons/,Moons
What is unique about the names of Uranus' moons?,"Uranus' moons are named after great literature. This suggests that the International Astronomical Union (IAU) has chosen to name these moons after characters, places, or themes from famous literary works. This naming convention reflects the cultural and artistic significance of literature and adds a touch of elegance to the field of astronomy.",https://science.nasa.gov/solar-system/moons/,Moons
"How many confirmed moons are there in our solar system as of March 25, 2025?","As of March 25, 2025, there was a total of 891 confirmed moons in our solar system. Of those, 421 moons are orbiting planets, including Pluto, while more than 470 moons are orbiting other dwarf planets, asteroids, and trans-Neptunian objects (TNOs). This large number of moons highlights the complexity and diversity of our solar system.",https://science.nasa.gov/solar-system/moons/,Moons
What is the role of the Moon in the study of our planet and our solar system?,"The Moon plays a pivotal role in the study of our planet and our solar system. From lighting up our skies to maintaining a geological record of our solar system's history, the Moon is an important celestial body that helps us understand the formation and evolution of our solar system. The Moon's proximity to Earth also makes it an ideal target for scientific study and exploration.",https://science.nasa.gov/solar-system/moons/,Moons
What is the purpose of NASA's Lunar Trailblazer mission?,"The purpose of NASA's Lunar Trailblazer mission is to decipher the Moon's icy secrets. This suggests that the mission is focused on studying the Moon's composition, particularly its icy regions, to gain a better understanding of the Moon's geology and potential resources. By exploring the Moon's icy secrets, the Lunar Trailblazer mission can provide valuable insights into the Moon's history and evolution.",https://science.nasa.gov/solar-system/moons/,Moons
"What resources are available for learning about the orbits, physical characteristics, and discovery circumstances of natural bodies in our solar system?","There are several resources available for learning about the orbits, physical characteristics, and discovery circumstances of natural bodies in our solar system. These include the SSD, which provides information on the orbits, physical characteristics, and discovery circumstances of most known natural bodies in our solar system, as well as the International Astronomical Union (IAU) Planet and Satellite Names and Discoverers, and Astronomer Scott S. Sheppard's Planetary Moon Database. These resources can be useful for researchers, scientists, and anyone interested in learning more about our solar system.",https://science.nasa.gov/solar-system/moons/,Moons
What are asteroids and how old are they?,"Asteroids, also known as minor planets, are rocky, airless remnants left over from the early formation of our solar system. They are approximately 4.6 billion years old, dating back to the formation of our solar system. These remnants provide valuable insights into the history and evolution of our solar system. By studying asteroids, scientists can gain a better understanding of the solar system's early formation and development.",https://science.nasa.gov/solar-system/asteroids/,Asteroids
Where are most asteroids located in our solar system?,"Most asteroids can be found orbiting the Sun within the main asteroid belt, which is located between the planets Mars and Jupiter. This region is home to a vast number of asteroids, ranging in size from small bodies to large ones. The main asteroid belt is a significant area of interest for scientists studying asteroids and their role in the solar system.",https://science.nasa.gov/solar-system/asteroids/,Asteroids
What is the size range of asteroids in our solar system?,"Asteroids come in a wide range of sizes, from the largest at about 329 miles (530 kilometers) in diameter to bodies that are less than 33 feet (10 meters) across. This significant size variation makes asteroids a fascinating area of study, as each one can provide unique insights into the formation and evolution of the solar system. The size of an asteroid can also impact its potential threat to Earth, making it essential to track and study these objects.",https://science.nasa.gov/solar-system/asteroids/,Asteroids
What is the total mass of all asteroids combined?,"The total mass of all the asteroids combined is less than that of Earth's Moon. This means that despite the large number of asteroids in our solar system, their combined mass is relatively small compared to other celestial bodies, such as the Moon. This information helps scientists understand the overall structure and composition of our solar system.",https://science.nasa.gov/solar-system/asteroids/,Asteroids
What is the purpose of NASA's DART mission?,"NASA's DART (Double Asteroid Redirection Test) mission aimed to intentionally impact an asteroid moonlet, Dimorphos, to change its orbit around the Sun. This mission was a test of asteroid redirection technology, which could potentially be used to defend Earth against asteroids that pose an impact hazard. By studying the effects of the impact, scientists can gain valuable insights into the feasibility of asteroid redirection as a planetary defense strategy.",https://science.nasa.gov/solar-system/asteroids/,Asteroids
How does NASA track and study asteroids?,"NASA uses a combination of robotic spacecraft and telescopes to track and study asteroids. The agency has sent several robotic spacecraft to study asteroids up close, providing valuable information about their composition and size. Additionally, many asteroids have been observed with telescopes on Earth, allowing scientists to learn more about these objects and their orbits. NASA also collaborates with other organizations, such as the Planetary Defense Coordination Office, to manage and track near-Earth objects.",https://science.nasa.gov/solar-system/asteroids/,Asteroids
What is the role of the Planetary Defense Coordination Office (PDCO)?,"The Planetary Defense Coordination Office (PDCO) is responsible for managing NASA's mission to find, track, and better understand asteroids and comets that could pose an impact hazard to Earth. The PDCO works to identify and monitor near-Earth objects, providing critical information to help protect our planet from potential asteroid threats. By coordinating with other organizations, such as the Center for Near Earth Object Studies (CNEOS), the PDCO plays a vital role in NASA's planetary defense efforts.",https://science.nasa.gov/solar-system/asteroids/,Asteroids
What is the purpose of the Center for Near Earth Object Studies (CNEOS)?,"The Center for Near Earth Object Studies (CNEOS) is responsible for computing high-precision orbits for Near-Earth Objects (NEOs) in support of NASA's Planetary Defense Coordination Office. By providing accurate orbital data, CNEOS helps scientists to better understand the trajectories of near-Earth objects, which is essential for predicting potential asteroid threats to Earth. This information is critical for developing effective planetary defense strategies and protecting our planet from asteroid impacts.",https://science.nasa.gov/solar-system/asteroids/,Asteroids
What are comets composed of?,"Comets are cosmic snowballs made up of frozen gases, rock, and dust that orbit the Sun. They can be as small as a town when frozen, but when they heat up, they release dust and gases into a giant glowing head. The composition of comets is quite unique, with a mix of frozen gases, rock, and dust. This composition is what allows them to create such a spectacular sight when they approach the Sun.",https://science.nasa.gov/solar-system/comets/,Comets
What happens to a comet when it approaches the Sun?,"When a comet's orbit brings it close to the Sun, it heats up and spews dust and gases into a giant glowing head larger than most planets. This process creates a tail that stretches away from the Sun for millions of miles, making the comet visible from a great distance. The heat from the Sun causes the frozen gases and dust to vaporize, creating a bright and glowing head. As the comet moves away from the Sun, the tail can be seen stretching behind it.",https://science.nasa.gov/solar-system/comets/,Comets
Where are most comets located in our solar system?,"Most comets are located in the Kuiper Belt and the Oort Cloud, which are two regions of our solar system that are far away from the Sun. The Kuiper Belt is a disk-shaped region that contains many small, icy bodies, including comets, while the Oort Cloud is a spherical shell of icy bodies that surrounds the solar system. It is estimated that there are likely billions of comets orbiting our Sun in these regions, waiting to be discovered.",https://science.nasa.gov/solar-system/comets/,Comets
What is the significance of the discovery of Comet 3I/ATLAS?,"Comet 3I/ATLAS is an interstellar comet, meaning it originated from outside our solar system. It is only the third confirmed interstellar object to have entered our solar system, following the discovery of 'Oumuamua in 2017 and 2I/Borisov in 2019. The discovery of Comet 3I/ATLAS provides scientists with a unique opportunity to study an object from outside our solar system and learn more about the formation and evolution of our cosmic neighborhood.",https://science.nasa.gov/solar-system/comets/,Comets
How close will Comet 3I/ATLAS come to Earth?,"Comet 3I/ATLAS poses no threat to Earth and will remain far away, coming only as close as the orbit of Mars. This means that the comet will not have any significant impact on our planet, and its closest approach will be at a safe distance. The comet's orbit will take it close to the Sun, but it will not come near enough to Earth to cause any concern.",https://science.nasa.gov/solar-system/comets/,Comets
What is the role of the ATLAS survey telescope in the discovery of Comet 3I/ATLAS?,"The ATLAS survey telescope, located in Chile, was the first to report that Comet 3I/ATLAS originated from interstellar space. The telescope is part of a NASA-funded survey that is designed to detect and track near-Earth objects, including comets and asteroids. The discovery of Comet 3I/ATLAS is a testament to the importance of these surveys in helping us understand our solar system and the objects that pass through it.",https://science.nasa.gov/solar-system/comets/,Comets
Where can I find more information about comets and interstellar objects?,"There are several resources available to learn more about comets and interstellar objects. The National Space Science Data Center has a wealth of information on comets, including fact sheets, FAQs, and information about missions to explore comets. Additionally, NASA's Solar System Dynamics website provides the most up-to-date count of comets, and the Eyes of the Solar System website offers a simulated view of our solar system using data and images from NASA missions.",https://science.nasa.gov/solar-system/comets/,Comets
What is the expected visibility of Comet 3I/ATLAS in the coming months?,"Comet 3I/ATLAS should remain visible to ground-based telescopes through September 2025, after which it will pass behind the Sun. It is expected to reappear on the other side of the Sun by early December 2025, providing astronomers with another opportunity to study this unique interstellar comet. The comet's visibility will depend on its distance from Earth and the amount of dust and gas it releases as it approaches the Sun.",https://science.nasa.gov/solar-system/comets/,Comets
What is the universe made up of?,"The universe is made up of various components, including giant balls of hot gas that burn for millions to billions of years, concentrations of matter with powerful gravity, and collections of stars, planets, and vast clouds of gas and dust bound together by gravity. These components work together to form the complex and vast universe we know today. The universe is still being studied and explored by scientists to learn more about its history and composition.",https://science.nasa.gov/universe/,Universe - NASA Science
What happens to a star when it runs out of fuel?,"When a star runs out of fuel, its core collapses, and a thick shell of gas and dust is expelled from its outer layers. At the center, a hot, dense ball of gas continues to fall inward, feeding a newly formed black hole. This process can be observed and studied using NASA telescopes, which can capture the formation of a black hole in great detail.",https://science.nasa.gov/universe/,Universe - NASA Science
What is the Andromeda galaxy and what is special about it?,"The Andromeda galaxy is a galaxy located around 2.5 million light-years away from Earth. It is special because it is home to a dying star named M31-2014-DS1, which did something unusual when it died. Instead of exploding, the star blinked out, leaving behind a shroud of hot gas and dust, and something else that was captured by a NASA telescope. This event was observed and studied by NASA's NEOWISE, which tracks stars and their life cycles.",https://science.nasa.gov/universe/,Universe - NASA Science
What is a black hole and how is it formed?,"A black hole is a concentration of matter with gravity so powerful that not even light can escape. It is formed when a star runs out of fuel and its core collapses, causing a hot, dense ball of gas to fall inward and create a black hole. This process can be observed and studied using NASA telescopes, which can capture the formation of a black hole in great detail. Black holes can also be found at the centers of galaxies, where they can affect the surrounding gas and stars.",https://science.nasa.gov/universe/,Universe - NASA Science
What is the Circinus Galaxy and what is special about it?,"The Circinus Galaxy is a galaxy that has a central black hole. What is special about it is that most of the hot, dusty material in the galaxy is actually feeding the central black hole, rather than being streams of superheated matter that fired outward. This was discovered using new observations and NASA's Webb telescope, which delivered the sharpest image of a black hole's surroundings. The Circinus Galaxy is an interesting object of study for scientists to learn more about black holes and their role in galaxies.",https://science.nasa.gov/universe/,Universe - NASA Science
What is the role of NASA's James Webb Space Telescope in studying galaxies?,"NASA's James Webb Space Telescope plays a crucial role in studying galaxies, particularly in creating two-dimensional maps to see how the gas and stars move in a galaxy's central region. The telescope can also study how the gas and stars are influenced by the jets from an active galactic nucleus, and ultimately better characterize the mass of a black hole. This is especially useful for galaxies that are close to us, such as Centaurus A, where the telescope can provide detailed observations and insights into the galaxy's structure and composition.",https://science.nasa.gov/universe/,Universe - NASA Science
What is an active galactic nucleus and what is its significance?,"An active galactic nucleus is an active supermassive black hole at the center of a galaxy. It is significant because it can send material into space well beyond the galaxy's limits, creating spectacular jets of material. The active galactic nucleus can also influence the surrounding gas and stars, and its mass can be characterized using NASA telescopes. Studying active galactic nuclei can provide insights into the role of black holes in galaxies and their impact on the surrounding environment.",https://science.nasa.gov/universe/,Universe - NASA Science
What is the significance of studying black holes and their role in galaxies?,"Studying black holes and their role in galaxies is significant because it can provide insights into the structure and composition of galaxies, as well as the role of black holes in shaping their surroundings. By studying black holes, scientists can learn more about the life cycles of stars, the formation of galaxies, and the evolution of the universe as a whole. NASA's telescopes and missions, such as the James Webb Space Telescope, play a crucial role in studying black holes and their role in galaxies, and have made several significant discoveries in this field.",https://science.nasa.gov/universe/,Universe - NASA Science
What is the main goal of NASA's Astrophysics Division?,"The main goal of NASA's Astrophysics Division is to lead the nation's exploration of the universe, driving discoveries that strengthen U.S. leadership, advance innovation, and inspire the next generation of explorers. This is achieved by studying the universe, its beginnings, evolution, and the potential for life beyond Earth. The division aims to push the boundaries of discovery and ensure America remains at the forefront of space science. By doing so, it promotes collaboration and advances global understanding, serving mutual interests and upholding the nation's legacy of discovery.",https://science.nasa.gov/astrophysics/,NASA Astrophysics - NASA Science
How does NASA's Astrophysics Division contribute to the U.S. economy and technology base?,"NASA's Astrophysics Division contributes to the U.S. economy and technology base by developing innovative technologies and data that fuel innovation across American industry. These innovations advance breakthroughs in areas such as imaging, communications, data science, and next-generation materials. As a result, the division strengthens the nation's economy and improves life on Earth, while also revealing the nature of the cosmos. This, in turn, keeps America at the forefront of discovery and technological advancements.",https://science.nasa.gov/astrophysics/,NASA Astrophysics - NASA Science
What are some of the fundamental forces that NASA explores in the universe?,"NASA explores the fundamental forces shaping the universe, including the behavior of black holes and dark energy, as well as the mysteries of gravity and space-time itself. By unlocking these secrets, NASA advances human understanding and the technologies and methods that keep America at the forefront of discovery. This research helps deepen our understanding of the universe and its workings, driving innovations in observation, data analysis, and engineering.",https://science.nasa.gov/astrophysics/,NASA Astrophysics - NASA Science
"How does NASA investigate the origins and evolution of galaxies, stars, and planets?","NASA investigates the origins and evolution of galaxies, stars, and planets to reveal how the universe, and ultimately life itself, came to be. This is done through a variety of missions and research programs that study the formation and development of these celestial bodies. By studying the history of the universe, NASA gains insights into the formation of galaxies, stars, and planets, and how they have evolved over time. This research helps deepen our understanding of cosmic history and drives innovations in observation, data analysis, and engineering.",https://science.nasa.gov/astrophysics/,NASA Astrophysics - NASA Science
What is the purpose of NASA's missions to discover and study planets around other stars?,"The purpose of NASA's missions to discover and study planets around other stars is to search for worlds that could harbor life. This pursuit unites science, technology, and human curiosity, propelling America's leadership in the search for life beyond Earth. By studying these planets, NASA hopes to gain a better understanding of the conditions necessary for life to exist and to inspire future generations to explore the universe. This research has the potential to revolutionize our understanding of the universe and our place within it.",https://science.nasa.gov/astrophysics/,NASA Astrophysics - NASA Science
How does NASA's Astrophysics Division work with other organizations to achieve its goals?,"NASA's Astrophysics Division works closely with U.S. industry, academic institutions, and international partners to achieve its goals. This collaboration promotes mutual interests and advances global understanding, while also upholding the nation's legacy of discovery. By working together, NASA and its partners can share resources, expertise, and knowledge to drive innovation and advance our understanding of the universe. This coordinated effort helps to ensure that the United States continues to lead in scientific discovery, technology development, and exploration.",https://science.nasa.gov/astrophysics/,NASA Astrophysics - NASA Science
What is the role of NASA's Astrophysics Division in advancing human understanding of the universe?,"The role of NASA's Astrophysics Division is to advance human understanding of the universe by unlocking its secrets and driving innovations in observation, data analysis, and engineering. The division studies the universe, its beginnings, evolution, and the potential for life beyond Earth, to gain a deeper understanding of the cosmos and our place within it. By doing so, NASA inspires future generations to explore the universe and pushes the boundaries of human knowledge, driving breakthroughs in science, technology, and innovation.",https://science.nasa.gov/astrophysics/,NASA Astrophysics - NASA Science
How does NASA's Astrophysics Division ensure that its research benefits people everywhere?,"NASA's Astrophysics Division ensures that its research benefits people everywhere by leading with excellence and promoting collaboration with international partners. The division's research and innovations are designed to serve mutual interests and advance global understanding, while also upholding the nation's legacy of discovery. By working together with other organizations and countries, NASA can share its knowledge and expertise to drive innovation and improve life on Earth, while also exploring the universe and advancing human understanding.",https://science.nasa.gov/astrophysics/,NASA Astrophysics - NASA Science
What is one of NASA's main missions?,"One of NASA's main missions is to know our home, which involves developing novel tools and techniques for understanding how our planet works. This mission is not only for the benefit of humanity but also for gaining insights needed to explore other moons and planets. By understanding our home planet, NASA can better prepare for future space exploration. This knowledge will also help us to make informed decisions about our planet's resources and environment.",https://science.nasa.gov/earth/,Earth - NASA Science
How many satellites does NASA's Earth Science Division operate?,"NASA's Earth Science Division operates more than 20 satellites in orbit. These satellites are used to observe the oceans, land cover, ice, atmosphere, and life on Earth, and to measure how changes in one drive changes in others over the short and long term. The data collected from these satellites is used to inform decisions that benefit the nation and the world. By operating a large number of satellites, NASA can gather a vast amount of data and gain a better understanding of our planet.",https://science.nasa.gov/earth/,Earth - NASA Science
What is the SWOT mission?,"The SWOT (Surface Water and Ocean Topography) mission is a joint project developed by NASA/JPL, the Centre National d'Études Spatiales, the Canadian Space Agency, and the United Kingdom Space Agency. The mission uses data to measure rivers continuously and across the entire globe for the first time in human history. This allows scientists to study how rivers flow, how they change over time, and how they support ecosystems, economies, and communities worldwide. The SWOT mission provides a new view of our waterways and helps us to better understand the importance of rivers in our planet's ecosystem.",https://science.nasa.gov/earth/,Earth - NASA Science
How does NASA's Earth Science Division collaborate with other organizations?,"NASA's Earth Science Division collaborates with industry leaders, international partners, academic institutions, and other users of its data to drive innovations and deliver science. This collaboration helps to inform decisions that benefit the nation and the world. By working together with other organizations, NASA can gain new insights and perspectives, and develop new technologies and techniques for understanding our planet. This collaboration also helps to ensure that NASA's data and research are used to benefit society as a whole.",https://science.nasa.gov/earth/,Earth - NASA Science
What is the Landsat program?,"The Landsat program is a series of satellite missions that have provided the longest continuous satellite record of Earth's land surface from space. The program has been running for over 50 years and has included several satellite launches, including Landsat 9, which was launched in 2021. The Landsat program uses upgraded technology, including enhanced radiometric resolution and improved signal-to-noise performance, to map the entire planet every eight days. The data collected from the Landsat program is used to study changes in the Earth's land surface and to inform decisions about our planet's resources and environment.",https://science.nasa.gov/earth/,Earth - NASA Science
How does NASA's Earth Science Division support the study of earthquakes?,"NASA's Earth Science Division supports the study of earthquakes through its C-20A flights, which advance our understanding of earthquake dynamics. These flights use specialized aircraft to study the Earth's surface and gather data on earthquakes and their effects. By studying earthquakes, NASA can gain a better understanding of the Earth's internal processes and how they affect the surface. This knowledge can be used to inform decisions about earthquake risk and mitigation, and to develop new technologies for earthquake detection and warning systems.",https://science.nasa.gov/earth/,Earth - NASA Science
What is one way that NASA's data is being used to benefit society?,"One way that NASA's data is being used to benefit society is to help oyster farmers in Maine choose where to grow their oysters. NASA's data is being used to provide information on water quality and other factors that affect oyster growth, allowing farmers to make informed decisions about where to locate their farms. This is just one example of how NASA's data is being used to benefit society, and there are many other ways in which NASA's research and data are being used to inform decisions and improve people's lives.",https://science.nasa.gov/earth/,Earth - NASA Science
How does NASA's Earth Science Division study the Earth's atmosphere?,"NASA's Earth Science Division studies the Earth's atmosphere through a variety of methods, including the use of aircraft to study tiny particles with atmospheric impacts. This research helps scientists to understand the role of these particles in the Earth's atmosphere and how they affect the planet's climate and weather patterns. By studying the Earth's atmosphere, NASA can gain a better understanding of the complex processes that shape our planet's climate and weather, and develop new technologies and strategies for mitigating the effects of climate change.",https://science.nasa.gov/earth/,Earth - NASA Science
What is the main goal of NASA's planetary science program?,"The main goal of NASA's planetary science program is to explore the objects in our solar system to better understand its history and the distribution of life within. This program has advanced scientific understanding of our solar system in extraordinary ways, pushing the limits of spacecraft and robotic engineering design and operation. By exploring the solar system, NASA aims to gain a deeper understanding of the origin and evolution of our solar system, which will enable the expansion of humanity beyond Earth.",https://science.nasa.gov/planetary-science/,Planetary Science - NASA Science
What is the significance of NASA's Juno mission?,"NASA's Juno mission is significant because it has completed multiple close flybys of Jupiter, providing valuable insights into the planet and its moons. For example, just hours before completing its 53rd close flyby of Jupiter, the spacecraft captured a dramatic view of both Jupiter and its volcanic moon Io in the same frame. This mission has greatly advanced our understanding of Jupiter and its moons.",https://science.nasa.gov/planetary-science/,Planetary Science - NASA Science
What is the purpose of the Psyche mission?,"The Psyche mission is a NASA spacecraft that is on its way to a metal-rich asteroid called Psyche. The spacecraft completed a close approach of Mars on May 15, using a gravity assist from Mars to provide a critical boost in speed and to adjust its orbital plane without using any onboard propellant. The mission aims to study the asteroid Psyche and learn more about its composition and properties.",https://science.nasa.gov/planetary-science/,Planetary Science - NASA Science
How does NASA's Perseverance Mars rover contribute to the advancement of space exploration?,NASA's Perseverance Mars rover has made history by completing the first drive on another world that was planned by artificial intelligence. This achievement demonstrates the capabilities of AI in space exploration and paves the way for more efficient and autonomous missions in the future. The rover's ability to navigate and explore Mars using AI planning is a significant milestone in the development of robotic explorers.,https://science.nasa.gov/planetary-science/,Planetary Science - NASA Science
What is the role of NASA's robotic explorers in understanding the solar system?,"NASA's robotic explorers play a crucial role in understanding the solar system by gathering data to help scientists understand how the planets formed, what triggered different evolutionary paths among planets, and what processes have occurred and are active. This data is essential for scientists to study the chemistry of unfamiliar worlds, map zones of habitability, and unveil the processes that lead to conditions necessary for life. By exploring the solar system with robotic explorers, NASA is enabling safe and effective human missions to other planets and moons.",https://science.nasa.gov/planetary-science/,Planetary Science - NASA Science
How does NASA track and study interstellar comets?,"NASA missions work together to track and study rare, interstellar comets as they pass through our solar system. By combining data and resources from multiple missions, NASA scientists can gain a deeper understanding of these comets and their composition, which can provide valuable insights into the formation and evolution of our solar system. The study of interstellar comets is an important area of research for NASA, as it can help scientists better understand the origins of our solar system and the potential for life beyond Earth.",https://science.nasa.gov/planetary-science/,Planetary Science - NASA Science
What is the significance of the Artemis II science operations?,"The Artemis II science operations laid the foundation for safe and efficient human exploration of the Moon and Mars. This mission marked an important step in the development of capabilities and strategies necessary for future human missions to other planets and moons. By conducting science operations on the Moon, NASA is gaining valuable experience and insights that will inform the planning and execution of future human missions to the Moon and beyond.",https://science.nasa.gov/planetary-science/,Planetary Science - NASA Science
What is the purpose of the rotorcraft that will explore Saturn's moon Titan?,"The rotorcraft that will explore Saturn's moon Titan is a first-of-its-kind vehicle that will fly to various locations on the moon and investigate its habitability. This mission aims to study the moon's environment and determine whether it has the necessary conditions to support life. By exploring Titan with a rotorcraft, NASA scientists can gain a deeper understanding of the moon's composition, geology, and potential biosignatures, which can provide valuable insights into the origins of life in our solar system.",https://science.nasa.gov/planetary-science/,Planetary Science - NASA Science
What is the main focus of the Science Mission Directorate Heliophysics Division?,"The Science Mission Directorate Heliophysics Division studies the nature of the Sun and how it influences the very nature of space and the planets and the technology that exists there. This includes understanding the Sun's impact on the solar system and the effects of space weather events on our technology and astronauts in space. By studying the Sun and its influence, the division aims to gain a deeper understanding of the universe and how it works. This knowledge can also help protect our technology and astronauts from the effects of space weather events.",https://science.nasa.gov/heliophysics/,NASA Heliophysics
What is the solar wind and what does it carry?,"The solar wind is a steady outpouring of particles and energy that the Sun sends out into space. It carries the Sun's writhing magnetic field, which surrounds the Sun, Earth, the planets, and extends far out into the solar system. This extensive, dynamic solar atmosphere is made up of a thin and tenuous wash of particles, fields, and plasma that fills space. The solar wind plays a crucial role in shaping the solar system and affecting the planets and technology within it.",https://science.nasa.gov/heliophysics/,NASA Heliophysics
Why is it important to study the Sun and space?,"Studying the Sun and space is important because it helps us understand fundamental information about how the universe works. It also helps protect our technology and astronauts in space from the effects of space weather events, which can interfere with our communications, satellites, and power grids. Additionally, studying the Sun and space reveals how stars contribute to the habitability of planets throughout the universe, which can help us better understand the potential for life on other planets.",https://science.nasa.gov/heliophysics/,NASA Heliophysics
How does NASA study the Sun and its influence on the solar system?,"NASA has a fleet of spacecraft strategically placed throughout the heliosphere to study the Sun and its influence on the solar system. These spacecraft, including Parker Solar Probe, satellites around Earth, and Voyager, are positioned at critical vantage points to observe and understand the flow of energy and particles throughout the solar system. Each mission is designed to help untangle the effects of the star we live with and gain a deeper understanding of the solar system and its many complexities.",https://science.nasa.gov/heliophysics/,NASA Heliophysics
What is the composition of the Sun?,"The Sun is a dynamic star made up of super-hot ionized gas called plasma. The Sun's surface and atmosphere are constantly changing, driven by the magnetic forces generated by this constantly-moving plasma. The plasma is so hot that it is ionized, meaning that the atoms are broken down into their component particles, creating a dynamic and ever-changing environment.",https://science.nasa.gov/heliophysics/,NASA Heliophysics
How does the Sun release energy?,"The Sun releases energy in two ways: through the usual flow of light that illuminates the Earth and makes life possible, and through more violent and dramatic ways, such as bursts of light, particles, and magnetic fields. These bursts can have ripple effects all the way out to the solar system's magnetic edge and can impact the planets and technology within the solar system. The Sun's energy release is a complex and dynamic process that is still not fully understood.",https://science.nasa.gov/heliophysics/,NASA Heliophysics
What is the solar activity cycle?,"Solar activity follows a roughly 11-year cycle, during which the Sun's surface and atmosphere change continually. This cycle is driven by the magnetic forces generated by the constantly-moving plasma that makes up the Sun. The solar activity cycle is an important area of study, as it can help us understand the Sun's impact on the solar system and the effects of space weather events on our technology and astronauts in space.",https://science.nasa.gov/heliophysics/,NASA Heliophysics
What is the nature of space and how does the Sun's solar wind affect it?,"Space is not completely empty, but is instead filled with a thin and tenuous wash of particles, fields, and plasma that is carried by the Sun's solar wind. Though space is about a thousand times emptier than even the best laboratory vacuums on Earth, it is not completely devoid of matter. The Sun's constant outflow of solar wind fills space with a dynamic and ever-changing environment that can impact the planets and technology within the solar system.",https://science.nasa.gov/heliophysics/,NASA Heliophysics
